{"cameraMode":{"drawMode":0,"name":"Shaded","section":"Shading Mode"},"sceneLighting":true,"audioPlay":false,"sceneViewState":{"showFog":true,"showMaterialUpdate":false,"showSkybox":true,"showFlares":true,"showImageEffects":true,"showParticleSystems":true},"in2DMode":false,"pivot":{"x":-3.1272077560424806,"y":11.294109344482422,"z":86.55656433105469},"rotation":{"x":0.06775762140750885,"y":0.004166543483734131,"z":-0.0002860808453988284,"w":0.9977114796638489},"size":68.01561737060547,"orthographic":false}