{"cameraMode":{"drawMode":0,"name":"Shaded","section":"Shading Mode"},"sceneLighting":false,"audioPlay":false,"sceneViewState":{"showFog":true,"showMaterialUpdate":false,"showSkybox":false,"showFlares":true,"showImageEffects":true,"showParticleSystems":true},"in2DMode":false,"pivot":{"x":-48.290000915527347,"y":-2.9599990844726564,"z":9.90999984741211},"rotation":{"x":0.3318979740142822,"y":-0.11172771453857422,"z":0.03962329402565956,"w":0.9358536005020142},"size":2.0320518016815187,"orthographic":false}