{"cameraMode":{"drawMode":0,"name":"Shaded","section":"Shading Mode"},"sceneLighting":false,"audioPlay":false,"sceneViewState":{"showFog":true,"showMaterialUpdate":false,"showSkybox":false,"showFlares":true,"showImageEffects":true,"showParticleSystems":true},"in2DMode":false,"pivot":{"x":0.0012072920799255372,"y":1.5211676359176636,"z":-2.830559492111206},"rotation":{"x":-0.007191102020442486,"y":-0.0033233696594834329,"z":-0.000028924992875545286,"w":0.9999852180480957},"size":0.5186944007873535,"orthographic":false}