{"cameraMode":{"drawMode":0,"name":"Shaded","section":"Shading Mode"},"sceneLighting":false,"audioPlay":false,"sceneViewState":{"showFog":true,"showMaterialUpdate":false,"showSkybox":false,"showFlares":true,"showImageEffects":true,"showParticleSystems":true},"in2DMode":false,"pivot":{"x":0.2615428864955902,"y":1.8748164176940919,"z":0.3386301100254059},"rotation":{"x":-0.0901777446269989,"y":-0.014029407873749733,"z":0.0012701431987807155,"w":-0.9958295822143555},"size":1.5396287441253663,"orthographic":false}