{"cameraMode":{"drawMode":0,"name":"Shaded","section":"Shading Mode"},"sceneLighting":false,"audioPlay":false,"sceneViewState":{"showFog":true,"showMaterialUpdate":false,"showSkybox":false,"showFlares":true,"showImageEffects":true,"showParticleSystems":true},"in2DMode":false,"pivot":{"x":0.2722714841365814,"y":2.643324136734009,"z":-0.08526818454265595},"rotation":{"x":0.3854735195636749,"y":-0.5704193115234375,"z":0.3444928526878357,"w":0.6382628679275513},"size":0.6124355792999268,"orthographic":false}