{"cameraMode":{"drawMode":0,"name":"Shaded","section":"Shading Mode"},"sceneLighting":false,"audioPlay":false,"sceneViewState":{"showFog":true,"showMaterialUpdate":false,"showSkybox":false,"showFlares":true,"showImageEffects":true,"showParticleSystems":true},"in2DMode":false,"pivot":{"x":0.39455556869506838,"y":1.951277732849121,"z":-0.11919558048248291},"rotation":{"x":-0.07825937867164612,"y":0.876451849937439,"z":-0.4499703347682953,"w":-0.152433842420578},"size":1.1136202812194825,"orthographic":false}