{"cameraMode":{"drawMode":0,"name":"Shaded","section":"Shading Mode"},"sceneLighting":true,"audioPlay":false,"sceneViewState":{"showFog":true,"showMaterialUpdate":false,"showSkybox":true,"showFlares":true,"showImageEffects":true,"showParticleSystems":true},"in2DMode":false,"pivot":{"x":-0.9243191480636597,"y":0.9589090347290039,"z":-0.5120193958282471},"rotation":{"x":0.09972155094146729,"y":-0.900268018245697,"z":0.3026514947414398,"w":0.29663124680519106},"size":2.7259278297424318,"orthographic":false}