{"cameraMode":{"drawMode":0,"name":"Shaded","section":"Shading Mode"},"sceneLighting":false,"audioPlay":false,"sceneViewState":{"showFog":true,"showMaterialUpdate":false,"showSkybox":false,"showFlares":true,"showImageEffects":true,"showParticleSystems":true},"in2DMode":false,"pivot":{"x":-12.58984375,"y":9.109619140625,"z":11.48874568939209},"rotation":{"x":0.18517091870307923,"y":-0.6809179186820984,"z":0.18428440392017365,"w":0.6841843724250794},"size":42.358238220214847,"orthographic":false}