{"cameraMode":{"drawMode":0,"name":"Shaded","section":"Shading Mode"},"sceneLighting":true,"audioPlay":false,"sceneViewState":{"showFog":true,"showMaterialUpdate":false,"showSkybox":true,"showFlares":true,"showImageEffects":true,"showParticleSystems":true},"in2DMode":false,"pivot":{"x":-0.07223248481750488,"y":1.2417793273925782,"z":1.810377597808838},"rotation":{"x":-0.25503459572792055,"y":-0.4059126079082489,"z":0.11909423023462296,"w":-0.8695551753044128},"size":2.0038650035858156,"orthographic":false}